final_rank	corpus_rank	word
1	1	de
2	2	que
3	3	no
4	4	a
5	5	la
6	6	el
7	7	y
8	8	es
9	9	en
10	10	lo
11	11	un
12	12	por
13	13	qué
14	14	me
15	15	una
16	16	los
17	17	se
18	18	te
19	19	con
20	20	para
21	21	está
22	22	mi
23	23	pero
24	24	sí
25	25	si
26	26	bien
27	27	eso
28	28	su
29	29	las
30	30	yo
31	31	del
32	32	como
33	33	aquí
34	34	tu
35	35	al
36	36	más
37	37	le
38	38	esto
39	39	todo
40	40	ya
41	41	estoy
42	42	ahora
43	43	muy
44	44	ha
45	45	esta
46	46	así
47	47	vamos
48	48	algo
49	49	hay
50	50	bueno
51	51	tengo
52	52	él
53	53	cuando
54	54	estás
55	55	sé
56	56	tú
57	57	nos
58	58	nada
59	59	cómo
60	60	este
61	61	o
62	62	he
63	63	ser
64	64	tiene
65	65	puedo
66	66	ella
67	67	quiero
68	68	hacer
69	69	fue
70	70	gracias
71	71	vez
72	72	era
73	73	soy
74	74	sólo
75	75	todos
76	76	porque
77	77	son
78	78	tienes
79	79	creo
80	80	voy
81	81	sabes
82	82	estaba
83	83	puede
84	84	eres
85	85	ese
86	86	usted
87	87	entonces
88	88	hola
89	89	solo
90	90	verdad
91	91	casa
92	92	tan
93	93	quién
94	94	sus
95	95	tiempo
96	96	dos
97	97	esa
98	98	nunca
99	99	dónde
100	100	va
101	101	oh
102	102	favor
103	103	mucho
104	104	mí
105	105	quieres
106	106	siento
107	107	señor
108	108	mejor
109	109	hace
110	110	has
111	111	decir
112	112	también
113	113	sobre
114	114	dios
115	115	sin
116	116	tenemos
117	117	están
118	118	ti
119	119	puedes
120	120	ver
121	121	hombre
122	122	vida
123	123	alguien
124	124	cosas
125	125	siempre
126	126	hasta
127	127	ahí
128	128	ir
129	129	años
130	130	antes
131	131	estar
132	132	ni
133	133	poco
134	134	día
135	135	uno
136	136	noche
137	137	hecho
138	138	mis
139	139	estamos
140	140	otra
141	141	acuerdo
142	142	trabajo
143	143	nosotros
144	144	parece
145	145	gente
146	146	sea
147	147	padre
148	148	mira
149	149	mismo
150	150	dijo
151	151	nadie
152	152	quiere
153	153	podría
154	154	hablar
155	155	vas
156	156	ellos
157	157	sr.
158	158	tal
159	159	pasa
160	160	fuera
161	161	después
162	162	han
163	163	desde
164	164	dinero
165	165	mundo
166	166	claro
167	167	momento
168	168	les
169	169	tener
170	170	estado
171	171	otro
172	172	había
173	173	mañana
174	174	tenía
175	175	madre
176	176	vale
177	177	lugar
178	178	haciendo
179	179	donde
180	180	seguro
181	181	sabe
182	182	podemos
183	183	tus
184	184	espera
185	185	nuevo
186	186	sido
187	187	cosa
188	188	hijo
189	189	allí
190	190	menos
191	191	tipo
192	192	amigo
193	193	gran
194	194	nuestro
195	195	mujer
196	196	mamá
197	197	luego
198	198	papá
199	199	días
200	200	dice
201	201	hoy
202	202	tres
203	203	buena
204	204	necesito
205	205	dije
206	206	oye
207	207	gusta
208	208	quería
209	209	será
210	210	haber
211	211	parte
212	212	todas
213	213	crees
214	214	buen
215	215	conmigo
216	216	nombre
217	217	mierda
218	218	nuestra
219	219	mal
220	220	debe
221	221	realmente
222	222	estas
223	223	aún
224	224	mío
225	225	toda
226	226	hacerlo
227	227	cada
228	228	visto
229	229	importa
230	230	contigo
231	231	tienen
232	232	hemos
233	233	razón
234	234	alguna
235	235	tanto
236	236	saber
237	237	hizo
238	238	veces
239	239	serio
240	240	ven
241	241	idea
242	242	eh
243	243	tarde
244	244	problema
245	245	hora
246	246	cierto
247	247	dicho
248	248	quien
249	249	demasiado
250	250	amor
251	251	entre
252	252	ve
253	253	pasado
254	254	familia
255	255	estos
256	256	policía
257	257	debería
258	258	ustedes
259	259	chica
260	260	esos
261	261	chicos
262	262	cuenta
263	263	haces
264	264	todavía
265	265	salir
266	266	algún
267	267	vaya
268	268	unos
269	269	veo
270	270	amigos
271	271	hermano
272	272	pensé
273	273	sabía
274	274	cabeza
275	275	ah
276	276	cariño
277	277	digo
278	278	van
279	279	hombres
280	280	buenas
281	281	somos
282	282	cualquier
283	283	forma
284	284	mientras
285	285	lado
286	286	debo
287	287	sería
288	288	caso
289	289	pueden
290	290	pasó
291	291	primera
292	292	genial
293	293	chico
294	294	supuesto
295	295	hice
296	296	pues
297	297	adiós
298	298	muchas
299	299	personas
300	300	señora
301	301	volver
302	302	esas
303	303	quizá
304	304	contra
305	305	camino
306	306	durante
307	307	hablando
308	308	manera
309	309	muerto
310	310	persona
311	311	rápido
312	312	cuál
313	313	ayuda
314	314	historia
315	315	iba
316	316	supongo
317	317	nueva
318	318	entiendo
319	319	dentro
320	320	casi
321	321	puerta
322	322	ves
323	323	pasar
324	324	primero
325	325	significa
326	326	semana
327	327	hacia
328	328	quizás
329	329	espero
330	330	juntos
331	331	año
332	332	niños
333	333	pronto
334	334	tío
335	335	suerte
336	336	ciudad
337	337	siquiera
338	338	feliz
339	339	venir
340	340	hija
341	341	gustaría
342	342	minutos
343	343	cuánto
344	344	os
345	345	hey
346	346	muerte
347	347	dejar
348	348	realidad
349	349	deja
350	350	problemas
351	351	vi
352	352	da
353	353	importante
354	354	dijiste
355	355	corazón
356	356	miedo
357	357	jefe
358	358	agua
359	359	haré
360	360	justo
361	361	horas
362	362	poder
363	363	buenos
364	364	esposa
365	365	manos
366	366	debes
367	367	viene
368	368	venga
369	369	nuestros
370	370	ojos
371	371	adelante
372	372	encontrar
373	373	mano
374	374	cinco
375	375	niño
376	376	ninguna
377	377	otros
378	378	cara
379	379	cuidado
380	380	bajo
381	381	cerca
382	382	viejo
383	383	déjame
384	384	noches
385	385	bastante
386	386	fin
387	387	tomar
388	388	único
389	389	misma
390	390	escucha
391	391	ningún
392	392	suficiente
393	393	punto
394	394	cuándo
395	395	sigue
396	396	haya
397	397	equipo
398	398	grande
399	399	necesita
400	400	llegar
401	401	incluso
402	402	algunos
403	403	doctor
404	404	difícil
405	405	aunque
406	406	hubiera
407	407	primer
408	408	coche
409	409	hago
410	410	clase
411	411	cuatro
412	412	mas
413	413	dices
414	414	pequeño
415	415	llama
416	416	toma
417	417	hiciste
418	418	allá
419	419	última
420	420	arriba
421	421	tierra
422	422	guerra
423	423	pensar
424	424	pueda
425	425	igual
426	426	loco
427	427	sangre
428	428	mujeres
429	429	vuelta
430	430	fui
431	431	trabajar
432	432	tenido
433	433	juego
434	434	deberías
435	435	cuerpo
436	436	e
437	437	algunas
438	438	entrar
439	439	cree
440	440	podía
441	441	debemos
442	442	oportunidad
443	443	teléfono
444	444	necesitamos
445	445	final
446	446	listo
447	447	fiesta
448	448	muchos
449	449	estabas
450	450	quieren
451	451	vete
452	452	auto
453	453	dar
454	454	vivir
455	455	posible
456	457	hermana
457	458	número
458	459	meses
459	460	exactamente
460	461	culpa
461	462	abajo
462	463	escuela
463	464	ido
464	465	fuerte
465	466	diciendo
466	467	habla
467	468	esté
468	469	ello
469	470	pregunta
470	471	chicas
471	472	eran
472	473	unas
473	474	pasando
474	475	atrás
475	476	malo
476	477	capitán
477	478	sra.
478	479	bebé
479	480	segundo
480	481	sabemos
481	482	mayor
482	483	comida
483	484	morir
484	485	conozco
485	486	dame
486	487	fácil
487	488	comer
488	489	vino
489	490	lista
490	491	haga
491	492	necesitas
492	493	hijos
493	494	probablemente
494	495	padres
495	496	habitación
496	497	creer
497	498	pensando
498	499	fueron
499	500	dime
500	501	trata
501	502	buscando
502	503	tuve
503	504	tampoco
504	505	amo
505	506	joven
506	507	podrías
507	508	sola
508	509	par
509	510	única
510	511	hacen
511	512	seguir
512	513	dr.
513	514	simplemente
514	515	dicen
515	516	medio
516	517	puta
517	518	saben
518	519	sentido
519	520	hagas
520	521	segura
521	522	esperar
522	523	lejos
523	524	arma
524	525	alto
525	526	pequeña
526	527	dólares
527	528	seis
528	529	estaban
529	530	seguridad
530	531	maldita
531	532	estuvo
532	533	preocupes
533	534	palabra
534	535	esperando
535	536	queda
536	537	oficina
537	538	matar
538	539	iré
539	540	cama
540	541	además
541	542	último
542	543	oído
543	544	habría
544	545	estará
545	546	dio
546	547	recuerdo
547	548	siendo
548	549	acerca
549	550	tenga
550	551	luz
551	552	correcto
552	553	ud.
553	554	demonios
554	555	nuestras
555	556	verte
556	557	dormir
557	558	sitio
558	559	ayudar
559	560	conseguir
560	561	di
561	562	marido
562	563	paz
563	564	idiota
564	565	plan
565	566	dado
566	567	cuanto
567	568	peor
568	569	murió
569	570	pueblo
570	571	vivo
571	572	venido
572	574	basta
573	575	paso
574	576	deberíamos
575	577	música
576	578	diga
577	579	minuto
578	580	anoche
579	581	llamar
580	582	piensa
581	583	país
582	584	digas
583	585	rey
584	586	perdón
585	587	mucha
586	588	falta
587	589	pienso
588	590	diablos
589	591	perdido
590	592	niña
591	593	señorita
592	594	diez
593	595	lleva
594	596	hospital
595	597	grandes
596	598	maldito
597	599	otras
598	600	llamado
599	601	hacemos
600	602	llevar
601	603	fuego
602	604	aqui
603	605	tuvo
604	606	poner
605	607	calle
606	608	acaba
607	609	prueba
608	610	increíble
609	611	real
610	612	libro
611	613	orden
612	614	semanas
613	615	especial
614	616	mía
615	617	café
616	618	duro
617	619	empezar
618	620	afuera
619	621	queremos
620	622	perro
621	623	cielo
622	625	puesto
623	626	viaje
624	627	detrás
625	628	cuarto
626	629	querida
627	630	haría
628	631	preguntas
629	632	piensas
630	633	querido
631	634	libre
632	635	buscar
633	636	cual
634	637	diré
635	638	suena
636	639	jugar
637	640	cambio
638	641	película
639	642	millones
640	643	habrá
641	644	llamada
642	645	resto
643	646	vemos
644	647	extraño
645	648	mala
646	649	presidente
647	650	srta.
648	651	irme
649	652	ropa
650	653	perder
651	654	vuelve
652	655	agente
653	656	palabras
654	657	información
655	658	raro
656	659	hará
657	660	entiendes
658	661	éste
659	662	trabajando
660	663	tratando
661	664	general
662	665	trato
663	666	usar
664	667	perfecto
665	668	derecho
666	669	modo
667	670	ayer
668	671	conoces
669	672	demás
670	673	quieras
671	674	podríamos
672	675	noticias
673	676	asesino
674	677	encontrado
675	678	control
676	679	odio
677	680	frente
678	681	sexo
679	682	decirle
680	683	estaré
681	684	divertido
682	685	armas
683	686	recuerdas
684	687	amiga
685	688	grupo
686	689	asunto
687	690	acabo
688	691	mensaje
689	692	encima
690	693	atención
691	694	diferente
692	695	uh
693	696	cállate
694	697	daño
695	698	sucede
696	699	cambiar
697	700	siguiente
698	701	sino
699	703	seas
700	704	médico
701	705	boca
702	706	dejó
703	707	error
704	708	jamás
705	709	largo
706	710	pena
707	711	voz
708	712	futuro
709	713	siente
710	714	secreto
711	715	baño
712	716	mil
713	717	decirte
714	719	pensaba
715	720	novia
716	721	propia
717	722	sueño
718	723	haz
719	724	fuerza
720	725	deben
721	726	supone
722	727	estábamos
723	728	ambos
724	729	ay
725	730	estuve
726	731	encontré
727	732	vuelto
728	733	dolor
729	734	dile
730	735	encanta
731	736	edad
732	737	darle
733	738	pie
734	739	negro
735	740	ganar
736	742	aire
737	743	lamento
738	744	verlo
739	745	asesinato
740	746	vio
741	747	adónde
742	748	llegado
743	749	disculpe
744	751	cita
745	752	estaría
746	753	fuiste
747	754	sistema
748	755	gusto
749	756	pobre
750	757	negocio
751	758	mente
752	759	tuyo
753	760	campo
754	761	mire
755	762	situación
756	763	tras
757	764	hotel
758	765	vosotros
759	766	funciona
760	767	foto
761	768	abogado
762	769	loca
763	770	propio
764	771	alrededor
765	772	próxima
766	773	terminado
767	774	hablas
768	775	pagar
769	776	mató
770	777	llamo
771	778	personal
772	779	sientes
773	780	ocurre
774	781	ésta
775	782	recuerda
776	783	mitad
777	784	quiera
778	785	pelo
779	786	tenías
780	787	viste
781	788	oficial
782	789	llegó
783	790	compañía
784	791	relación
785	792	conoce
786	793	pase
787	794	montón
788	795	mejores
789	796	creí
790	797	cena
791	798	sentir
792	799	través
793	800	accidente
794	801	i
795	802	ellas
796	803	caja
797	804	tranquilo
798	805	bonito
799	806	eras
800	807	asi
801	808	pudo
802	809	vive
803	810	vista
804	811	estúpido
805	812	línea
806	813	caballeros
807	814	haremos
808	815	dan
809	816	quédate
810	817	tienda
811	818	comprar
812	819	entendido
813	820	centro
814	821	salvo
815	822	mes
816	824	sol
817	825	tonto
818	826	hambre
819	828	mesa
820	829	respuesta
821	830	completamente
822	832	carta
823	833	totalmente
824	834	imposible
825	835	pruebas
826	836	novio
827	837	normal
828	838	gustan
829	840	pude
830	842	traje
831	843	dirección
832	844	siete
833	845	dijeron
834	846	placer
835	847	sean
836	848	tendrá
837	849	barco
838	850	blanco
839	852	profesor
840	853	servicio
841	854	muchacho
842	855	reunión
843	856	dejado
844	857	ley
845	858	quisiera
846	859	hubo
847	861	programa
848	862	carrera
849	863	cumpleaños
850	864	muchachos
851	865	culo
852	866	canción
853	867	hermosa
854	868	universidad
855	869	boda
856	870	decirme
857	871	cualquiera
858	872	tengas
859	873	hacía
860	874	estés
861	875	sala
862	876	llevo
863	877	decisión
864	878	espere
865	879	don
866	880	necesario
867	881	sal
868	882	entra
869	883	prisa
870	884	carajo
871	885	embargo
872	886	interesante
873	887	tendrás
874	888	escuchar
875	889	abuela
876	890	hicieron
877	891	detective
878	892	horrible
879	893	suelo
880	894	fotos
881	895	cárcel
882	896	acá
883	899	siéntate
884	900	decía
885	901	intentando
886	902	vámonos
887	903	maldición
888	904	silencio
889	905	muerta
890	906	capaz
891	907	salió
892	908	club
893	909	terminar
894	910	temo
895	911	broma
896	912	gobierno
897	913	prometo
898	914	cámara
899	915	media
900	916	terrible
901	917	llamó
902	918	regalo
903	919	amable
904	920	dulce
905	921	muertos
906	922	querías
907	923	ataque
908	924	das
909	925	navidad
910	926	negocios
911	927	pudiera
912	928	ocho
913	929	avión
914	930	investigación
915	931	acabó
916	932	juro
917	933	mantener
918	934	ejército
919	935	papel
920	936	partes
921	937	ten
922	938	gracioso
923	939	diría
924	940	principio
925	941	delante
926	942	teniente
927	943	deseo
928	944	vayas
929	945	nave
930	946	sale
931	947	basura
932	948	vine
933	949	contacto
934	950	esposo
935	951	tren
936	952	encontramos
937	953	dale
938	954	verdadero
939	955	tuya
940	956	alma
941	957	hazlo
942	958	disculpa
943	959	junto
944	960	anda
945	961	tendré
946	962	matrimonio
947	963	saberlo
948	964	locura
949	965	oro
950	966	permiso
951	967	director
952	968	peligro
953	969	libertad
954	970	alegro
955	971	baja
956	972	tendremos
957	973	derecha
958	974	encuentra
959	975	pies
960	976	segunda
961	977	maravilloso
962	978	espacio
963	979	rato
964	980	abuelo
965	981	esperaba
966	982	mirando
967	983	salud
968	984	sorpresa
969	985	ninguno
970	986	miren
971	987	triste
972	988	aun
973	989	pensado
974	990	maestro
975	991	según
976	992	infierno
977	993	podrían
978	994	tipos
979	995	tía
980	996	crimen
981	997	conocido
982	998	consejo
983	999	ante
984	1000	iglesia
985	1001	intento
986	1002	mayoría
987	1003	doy
988	1005	hicimos
989	1006	escena
990	1007	piso
991	1008	señal
992	1009	honor
993	1010	llamas
994	1011	abre
995	1012	cerebro
996	1013	veras
997	1014	viendo
998	1015	pone
999	1016	pregunto
1000	1017	cocina
